r_min,r_max,v0_up,voff_up,v0_low,voff_low
1151584770.8694005,2500970506.827937,0.31348080899529285,-1.0474690308696084,0.5661622905179781,1.6553358096266741
